model,domain,k,num_axes,auc,ap,acc,f1,frac_of_full_auc
clip,forensynths_test,all,128,0.9689357506930583,0.9732751717459119,0.8562005064271083,0.8334454158260479,
clip,9gan,all,128,0.9898974629629629,0.991929498262033,0.952,0.9525561473834495,
clip,diffusion,all,128,0.939925578125,0.9462250299685466,0.75525,0.6799084518554848,
clip,forensynths_test,1,1,0.8107308794186993,0.8666647430458028,0.7760430946889667,0.7373557783241914,0.8367230529359676
clip,9gan,1,1,0.9787040833333333,0.9854675811207395,0.8730555555555556,0.8840219267079484,0.9886923847686956
clip,diffusion,1,1,0.8415112812500001,0.8669592083080613,0.712,0.6104159621237741,0.8952956498201479
clip,forensynths_test,2,2,0.8639261128222452,0.8992000824710635,0.8022031192039095,0.7724844167408726,0.8916237348083172
clip,9gan,2,2,0.9808177438271605,0.9871358312674186,0.8481944444444445,0.8651449722393584,0.9908276165203768
clip,diffusion,2,2,0.883913078125,0.9041276283115909,0.7675,0.7080979284369114,0.9404075159740456
clip,forensynths_test,4,4,0.8628180223253362,0.9011020960038023,0.8107833491927809,0.7785328651791444,0.8904801187366465
clip,9gan,4,4,0.9817310339506173,0.9875337271055313,0.8932777777777777,0.9010303967027306,0.9917502273539506
clip,diffusion,4,4,0.923888109375,0.9417427964166072,0.828375,0.7972533963378617,0.9829375121570878
clip,forensynths_test,8,8,0.9386277570383924,0.9512617963629438,0.819621631211393,0.7811093279054292,0.9687203267781304
clip,9gan,8,8,0.9877865061728396,0.9907294274130615,0.9618055555555556,0.9609363902383591,0.997867499545049
clip,diffusion,8,8,0.932137078125,0.9426927804341151,0.65675,0.4780459988595324,0.9917137056579131
clip,forensynths_test,16,16,0.9547333100805017,0.9615626899500314,0.8136057932680677,0.7715330631610161,0.9853422266621932
clip,9gan,16,16,0.9888641913580246,0.9914729887900725,0.9619444444444445,0.9611148955495005,0.9989561831971511
clip,diffusion,16,16,0.930940125,0.9394914442263502,0.6729375,0.5154180942679878,0.9904402504473551
clip,forensynths_test,32,32,0.9476185052405263,0.9561208585241947,0.8314920245794558,0.7989454643420698,0.9779993199370709
clip,9gan,32,32,0.9886354413580246,0.991462757828957,0.9433611111111111,0.9449052933070334,0.9987250986570257
clip,diffusion,32,32,0.9218814531249999,0.9315293766081301,0.7226875,0.6190435305228814,0.9808026024400834
clip,forensynths_test,64,64,0.9619269262336575,0.9683596037879738,0.8597164653323226,0.8382790420943032,0.9927664714049538
clip,9gan,64,64,0.9881817932098766,0.9903459894325335,0.9465833333333333,0.947674893200185,0.9982668207392401
clip,diffusion,64,64,0.934980578125,0.9411893224082927,0.7571875,0.6832966495475666,0.9947389451728035
dinov2,forensynths_test,all,128,0.8911572272827188,0.9189227861255911,0.7399319387771559,0.6507850568489443,
dinov2,9gan,all,128,0.9511858919753087,0.9555687982376857,0.7258888888888889,0.6243051854107973,
dinov2,diffusion,all,128,0.888950203125,0.8957757526342889,0.725375,0.6341382181515404,
dinov2,forensynths_test,1,1,0.6642107521913005,0.732483005596082,0.6599035530538845,0.5677387614537851,0.7453350899892105
dinov2,9gan,1,1,0.8553603981481481,0.8623974101395829,0.7138888888888889,0.6267033922876196,0.8992568175836149
dinov2,diffusion,1,1,0.77729659375,0.8080367692449157,0.7118125,0.7114698704711845,0.8743983532682768
dinov2,forensynths_test,2,2,0.7404611440602529,0.7856066313991483,0.682692772930342,0.5954349167180752,0.8308984333977042
dinov2,9gan,2,2,0.8796096327160493,0.8815633390016236,0.7201388888888889,0.6332763076475084,0.9247505036995257
dinov2,diffusion,2,2,0.7903963437499999,0.8053356397678086,0.7215,0.7022584524923159,0.8891345555369181
dinov2,forensynths_test,4,4,0.8079773856885786,0.8331292057286889,0.7219166814508975,0.6434656741108354,0.9066608685340869
dinov2,9gan,4,4,0.9396072283950617,0.9475859275343623,0.8230833333333333,0.7892943394978,0.9878271285582235
dinov2,diffusion,4,4,0.749331296875,0.728636366544578,0.678375,0.6494550408719346,0.8429395642644705
dinov2,forensynths_test,8,8,0.8318934410864317,0.8610915301407374,0.7323194038998113,0.6515504608343305,0.9334979458372437
dinov2,9gan,8,8,0.9535711450617284,0.9603011205473714,0.8740555555555556,0.8609287773756211,1.0025076623891742
dinov2,diffusion,8,8,0.7718582812499999,0.7679753974418435,0.6904375,0.6794382240631675,0.8682806736942327
dinov2,forensynths_test,16,16,0.8651453163977011,0.889613912378682,0.7187716723384352,0.6165416840762651,0.970811086878202
dinov2,9gan,16,16,0.9520363209876543,0.9587120570701325,0.7198611111111111,0.6119512101273615,1.0008940723569602
dinov2,diffusion,16,16,0.81798665625,0.8162924231684098,0.7035,0.6255722178374112,0.9201715162159411
dinov2,forensynths_test,32,32,0.8807371397495023,0.9109633317275959,0.7478992951953938,0.6670217071767889,0.9883072400534875
dinov2,9gan,32,32,0.9410699598765431,0.9479441751312914,0.7285,0.6298848833686762,0.9893649262629852
dinov2,diffusion,32,32,0.855109828125,0.8591295213303376,0.7158125,0.6308953648835133,0.9619322039850623
dinov2,forensynths_test,64,64,0.8929460281918903,0.9219739084228028,0.7433349999193587,0.6570997629821159,1.0020072786870906
dinov2,9gan,64,64,0.9513862160493827,0.9563469148298902,0.6724444444444444,0.5137319587628866,1.000210604547191
dinov2,diffusion,64,64,0.8823359375000001,0.885848726523669,0.7009375,0.5853912139329348,0.9925594644089757
mae,forensynths_test,all,128,0.7654833765085176,0.7964750160537867,0.6695321194135767,0.5430826866470431,
mae,9gan,all,128,0.810397512345679,0.7908225911114186,0.5290555555555555,0.11753070997293358,
mae,diffusion,all,128,0.8020789375,0.8069942998001274,0.6449375,0.47952359138799816,
mae,forensynths_test,1,1,0.5812918416461811,0.5957135550160475,0.5508443139848072,0.5697733697919081,0.7593787918655253
mae,9gan,1,1,0.6351018533950616,0.6231948538516245,0.5356944444444445,0.20830767773409747,0.78369176079622
mae,diffusion,1,1,0.6617945781250001,0.6473144580809451,0.6218125,0.6307438823457618,0.8250990609325158
mae,forensynths_test,2,2,0.5903725514874273,0.6098760747234822,0.5832459719690982,0.5316974156366668,0.7712415051783403
mae,9gan,2,2,0.6436201820987655,0.6288501237488872,0.5615277777777777,0.3424834423293206,0.7942030575042365
mae,diffusion,2,2,0.638482171875,0.6351351129627416,0.5750625,0.6570837746507288,0.7960340834595223
mae,forensynths_test,4,4,0.6381682589375104,0.6278324024123508,0.5968098317823332,0.5171607918879768,0.8336801013867732
mae,9gan,4,4,0.6670095462962964,0.6501164098475434,0.5330833333333334,0.16634429400386846,0.8230646517727466
mae,diffusion,4,4,0.711463296875,0.7125901489682953,0.6611875,0.6378999398837752,0.887024036677188
mae,forensynths_test,8,8,0.6670799506472727,0.6701886629844132,0.5886005515862136,0.39918974938760127,0.8714492974229205
mae,9gan,8,8,0.6920365555555555,0.6681803808079757,0.5143611111111112,0.07639072322890803,0.8539470383521661
mae,diffusion,8,8,0.719981484375,0.7182142150580919,0.6235625,0.47694311767260095,0.8976441728031288
mae,forensynths_test,16,16,0.6904993246532727,0.7074828139055,0.6084221731206555,0.4324021040327294,0.9020435268009892
mae,9gan,16,16,0.7212921728395063,0.7009293567465248,0.5178333333333334,0.07885799193377202,0.8900473679290314
mae,diffusion,16,16,0.7060253124999999,0.7022784935976938,0.611125,0.45045045045045046,0.8802441748446983
mae,forensynths_test,32,32,0.7317472889423304,0.7580041045722739,0.6402593422898892,0.4893660859412559,0.955928386426806
mae,9gan,32,32,0.7576171296296297,0.73369008683342,0.5264444444444445,0.10818162795563925,0.9348709961321604
mae,diffusion,32,32,0.798008703125,0.801758372888262,0.6423125,0.48005814481693465,0.9949253942664465
mae,forensynths_test,64,64,0.7592221883480572,0.7910864538104294,0.6703707885102334,0.5502002728993354,0.9918206085819674
mae,9gan,64,64,0.8073352098765432,0.7868433963699069,0.5359722222222222,0.14495572503454981,0.9962212341196951
mae,diffusion,64,64,0.8156826562499999,0.8193188658804285,0.6591875,0.5117736592353836,1.0169605734722338
vit,forensynths_test,all,128,0.7004280882367321,0.7134483654194844,0.6106317436253085,0.44858617696770364,
vit,9gan,all,128,0.7033521697530865,0.708965213422836,0.5783611111111111,0.3182573545924096,
vit,diffusion,all,128,0.629960015625,0.615433462301348,0.5641875,0.3800124477638481,
vit,forensynths_test,1,1,0.5465869804884289,0.5371974416180375,0.5382158927793816,0.45756289784783266,0.7803613099874607
vit,9gan,1,1,0.6299275648148148,0.6420214996117322,0.5894444444444444,0.5370544383887741,0.8956076229009893
vit,diffusion,1,1,0.6457810156249999,0.6359555257492798,0.576,0.40480786102825056,1.0251142923480683
vit,forensynths_test,2,2,0.5723667026006856,0.562318425020075,0.5568762801799912,0.49234123537998187,0.8171669757584534
vit,9gan,2,2,0.6584399475308642,0.6729122533209349,0.5996666666666667,0.6298541195808506,0.9361454700026179
vit,diffusion,2,2,0.6473871875,0.6349168024505217,0.58275,0.4405899111781465,1.0276639333334672
vit,forensynths_test,4,4,0.5587644546966424,0.5726725234447194,0.5558602003128881,0.41266049567034935,0.7977470693719382
vit,9gan,4,4,0.6761035648148148,0.695899992500744,0.6233611111111111,0.5509818856177766,0.9612589452196653
vit,diffusion,4,4,0.6850891406249999,0.6719486818606388,0.5805,0.38747946705603215,1.0875121017725304
vit,forensynths_test,8,8,0.6227420626405116,0.6290297892099972,0.5797461413157428,0.4350540944864818,0.8890877923074324
vit,9gan,8,8,0.6541326388888888,0.6733888741359024,0.6020555555555556,0.5020853607674127,0.9300214985026971
vit,diffusion,8,8,0.6864152499999999,0.6743436662664817,0.58225,0.3773057574063723,1.0896171708913767
vit,forensynths_test,16,16,0.6460696921413999,0.6506166376683231,0.5796816283083077,0.3933800423640046,0.9223926095936917
vit,9gan,16,16,0.7020958672839506,0.7167901448794152,0.5876944444444444,0.3441876905403614,0.9982138357949804
vit,diffusion,16,16,0.67572884375,0.6682681098239166,0.556875,0.2725220603324441,1.0726535446532928
vit,forensynths_test,32,32,0.6638911051792489,0.6780233965697742,0.5958421366708062,0.4295048377916904,0.9478362109242907
vit,9gan,32,32,0.7218009074074074,0.7290654467173676,0.5801388888888889,0.3121103172074819,1.0262297302086911
vit,diffusion,32,32,0.647043328125,0.6328668057575335,0.555875,0.3163363478930152,1.0271180901585495
vit,forensynths_test,64,64,0.7003754544115484,0.7091047202504233,0.6100511265583923,0.45424585797480926,0.999924854776575
vit,9gan,64,64,0.7446817716049383,0.7485229850736277,0.6127777777777778,0.42205638474295193,1.0587608933748804
vit,diffusion,64,64,0.638328609375,0.6203005638775673,0.5604375,0.3602292367870463,1.0132843252626078
