model,domain,src1,src2,cosine
clip,forensynths_test,biggan,biggan,1.0
clip,forensynths_test,biggan,cyclegan,0.8089893460273743
clip,forensynths_test,biggan,deepfake,0.4972147047519684
clip,forensynths_test,biggan,gaugan,0.8632365465164185
clip,forensynths_test,biggan,progan,0.8375580906867981
clip,forensynths_test,biggan,stargan,0.713489830493927
clip,forensynths_test,biggan,stylegan,0.6000977158546448
clip,forensynths_test,biggan,stylegan2,0.17854519188404083
clip,forensynths_test,cyclegan,biggan,0.8089893460273743
clip,forensynths_test,cyclegan,cyclegan,1.0000001192092896
clip,forensynths_test,cyclegan,deepfake,0.33310145139694214
clip,forensynths_test,cyclegan,gaugan,0.7788640856742859
clip,forensynths_test,cyclegan,progan,0.8152702450752258
clip,forensynths_test,cyclegan,stargan,0.6402737498283386
clip,forensynths_test,cyclegan,stylegan,0.5091391205787659
clip,forensynths_test,cyclegan,stylegan2,0.1335512399673462
clip,forensynths_test,deepfake,biggan,0.4972147047519684
clip,forensynths_test,deepfake,cyclegan,0.33310145139694214
clip,forensynths_test,deepfake,deepfake,1.0000001192092896
clip,forensynths_test,deepfake,gaugan,0.38347887992858887
clip,forensynths_test,deepfake,progan,0.34923967719078064
clip,forensynths_test,deepfake,stargan,0.5598748326301575
clip,forensynths_test,deepfake,stylegan,0.23035819828510284
clip,forensynths_test,deepfake,stylegan2,0.018581174314022064
clip,forensynths_test,gaugan,biggan,0.8632365465164185
clip,forensynths_test,gaugan,cyclegan,0.7788640856742859
clip,forensynths_test,gaugan,deepfake,0.38347887992858887
clip,forensynths_test,gaugan,gaugan,1.0
clip,forensynths_test,gaugan,progan,0.8601200580596924
clip,forensynths_test,gaugan,stargan,0.5144293308258057
clip,forensynths_test,gaugan,stylegan,0.5638408660888672
clip,forensynths_test,gaugan,stylegan2,0.2528746724128723
clip,forensynths_test,progan,biggan,0.8375580906867981
clip,forensynths_test,progan,cyclegan,0.8152702450752258
clip,forensynths_test,progan,deepfake,0.34923967719078064
clip,forensynths_test,progan,gaugan,0.8601200580596924
clip,forensynths_test,progan,progan,1.0
clip,forensynths_test,progan,stargan,0.5923388600349426
clip,forensynths_test,progan,stylegan,0.670131266117096
clip,forensynths_test,progan,stylegan2,0.33881333470344543
clip,forensynths_test,stargan,biggan,0.713489830493927
clip,forensynths_test,stargan,cyclegan,0.6402737498283386
clip,forensynths_test,stargan,deepfake,0.5598748326301575
clip,forensynths_test,stargan,gaugan,0.5144293308258057
clip,forensynths_test,stargan,progan,0.5923388600349426
clip,forensynths_test,stargan,stargan,1.0000001192092896
clip,forensynths_test,stargan,stylegan,0.38295039534568787
clip,forensynths_test,stargan,stylegan2,-0.004737321753054857
clip,forensynths_test,stylegan,biggan,0.6000977158546448
clip,forensynths_test,stylegan,cyclegan,0.5091391205787659
clip,forensynths_test,stylegan,deepfake,0.23035819828510284
clip,forensynths_test,stylegan,gaugan,0.5638408660888672
clip,forensynths_test,stylegan,progan,0.670131266117096
clip,forensynths_test,stylegan,stargan,0.38295039534568787
clip,forensynths_test,stylegan,stylegan,1.0
clip,forensynths_test,stylegan,stylegan2,0.6926498413085938
clip,forensynths_test,stylegan2,biggan,0.17854519188404083
clip,forensynths_test,stylegan2,cyclegan,0.1335512399673462
clip,forensynths_test,stylegan2,deepfake,0.018581174314022064
clip,forensynths_test,stylegan2,gaugan,0.2528746724128723
clip,forensynths_test,stylegan2,progan,0.33881333470344543
clip,forensynths_test,stylegan2,stargan,-0.004737321753054857
clip,forensynths_test,stylegan2,stylegan,0.6926498413085938
clip,forensynths_test,stylegan2,stylegan2,1.0000001192092896
clip,9gan,attgan,attgan,1.0000001192092896
clip,9gan,attgan,began,0.785430908203125
clip,9gan,attgan,cramergan,0.8797782063484192
clip,9gan,attgan,infomaxgan,0.9025200605392456
clip,9gan,attgan,mmdgan,0.9051617980003357
clip,9gan,attgan,relgan,0.9511515498161316
clip,9gan,attgan,s3gan,0.45730316638946533
clip,9gan,attgan,sngan,0.921694815158844
clip,9gan,attgan,stgan,0.8687300086021423
clip,9gan,began,attgan,0.785430908203125
clip,9gan,began,began,1.0
clip,9gan,began,cramergan,0.8680853843688965
clip,9gan,began,infomaxgan,0.8817871809005737
clip,9gan,began,mmdgan,0.88099604845047
clip,9gan,began,relgan,0.7687976956367493
clip,9gan,began,s3gan,0.3471658229827881
clip,9gan,began,sngan,0.8694730997085571
clip,9gan,began,stgan,0.8409720659255981
clip,9gan,cramergan,attgan,0.8797782063484192
clip,9gan,cramergan,began,0.8680853843688965
clip,9gan,cramergan,cramergan,1.0
clip,9gan,cramergan,infomaxgan,0.9549086689949036
clip,9gan,cramergan,mmdgan,0.9902448058128357
clip,9gan,cramergan,relgan,0.8825200796127319
clip,9gan,cramergan,s3gan,0.4494377672672272
clip,9gan,cramergan,sngan,0.9527713656425476
clip,9gan,cramergan,stgan,0.8965257406234741
clip,9gan,infomaxgan,attgan,0.9025200605392456
clip,9gan,infomaxgan,began,0.8817871809005737
clip,9gan,infomaxgan,cramergan,0.9549086689949036
clip,9gan,infomaxgan,infomaxgan,1.0000001192092896
clip,9gan,infomaxgan,mmdgan,0.9679397344589233
clip,9gan,infomaxgan,relgan,0.8905738592147827
clip,9gan,infomaxgan,s3gan,0.4625444710254669
clip,9gan,infomaxgan,sngan,0.9631791114807129
clip,9gan,infomaxgan,stgan,0.8950223326683044
clip,9gan,mmdgan,attgan,0.9051617980003357
clip,9gan,mmdgan,began,0.88099604845047
clip,9gan,mmdgan,cramergan,0.9902448058128357
clip,9gan,mmdgan,infomaxgan,0.9679397344589233
clip,9gan,mmdgan,mmdgan,1.0
clip,9gan,mmdgan,relgan,0.9025806784629822
clip,9gan,mmdgan,s3gan,0.4482787549495697
clip,9gan,mmdgan,sngan,0.976394534111023
clip,9gan,mmdgan,stgan,0.9084591269493103
clip,9gan,relgan,attgan,0.9511515498161316
clip,9gan,relgan,began,0.7687976956367493
clip,9gan,relgan,cramergan,0.8825200796127319
clip,9gan,relgan,infomaxgan,0.8905738592147827
clip,9gan,relgan,mmdgan,0.9025806784629822
clip,9gan,relgan,relgan,1.0
clip,9gan,relgan,s3gan,0.45692792534828186
clip,9gan,relgan,sngan,0.9065030813217163
clip,9gan,relgan,stgan,0.8818430304527283
clip,9gan,s3gan,attgan,0.45730316638946533
clip,9gan,s3gan,began,0.3471658229827881
clip,9gan,s3gan,cramergan,0.4494377672672272
clip,9gan,s3gan,infomaxgan,0.4625444710254669
clip,9gan,s3gan,mmdgan,0.4482787549495697
clip,9gan,s3gan,relgan,0.45692792534828186
clip,9gan,s3gan,s3gan,1.0
clip,9gan,s3gan,sngan,0.4311339557170868
clip,9gan,s3gan,stgan,0.39988598227500916
clip,9gan,sngan,attgan,0.921694815158844
clip,9gan,sngan,began,0.8694730997085571
clip,9gan,sngan,cramergan,0.9527713656425476
clip,9gan,sngan,infomaxgan,0.9631791114807129
clip,9gan,sngan,mmdgan,0.976394534111023
clip,9gan,sngan,relgan,0.9065030813217163
clip,9gan,sngan,s3gan,0.4311339557170868
clip,9gan,sngan,sngan,1.0
clip,9gan,sngan,stgan,0.9051769971847534
clip,9gan,stgan,attgan,0.8687300086021423
clip,9gan,stgan,began,0.8409720659255981
clip,9gan,stgan,cramergan,0.8965257406234741
clip,9gan,stgan,infomaxgan,0.8950223326683044
clip,9gan,stgan,mmdgan,0.9084591269493103
clip,9gan,stgan,relgan,0.8818430304527283
clip,9gan,stgan,s3gan,0.39988598227500916
clip,9gan,stgan,sngan,0.9051769971847534
clip,9gan,stgan,stgan,1.0
clip,diffusion,dalle,dalle,1.0000001192092896
clip,diffusion,dalle,glide_100_10,0.7153013944625854
clip,diffusion,dalle,glide_100_27,0.6973950862884521
clip,diffusion,dalle,glide_50_27,0.7096794843673706
clip,diffusion,dalle,guided,0.5143217444419861
clip,diffusion,dalle,ldm_100,0.8480252027511597
clip,diffusion,dalle,ldm_200,0.8482943177223206
clip,diffusion,dalle,ldm_200_cfg,0.8607113361358643
clip,diffusion,glide_100_10,dalle,0.7153013944625854
clip,diffusion,glide_100_10,glide_100_10,1.0000001192092896
clip,diffusion,glide_100_10,glide_100_27,0.9948389530181885
clip,diffusion,glide_100_10,glide_50_27,0.9945720434188843
clip,diffusion,glide_100_10,guided,0.6291376948356628
clip,diffusion,glide_100_10,ldm_100,0.8248857259750366
clip,diffusion,glide_100_10,ldm_200,0.8304490447044373
clip,diffusion,glide_100_10,ldm_200_cfg,0.8067904114723206
clip,diffusion,glide_100_27,dalle,0.6973950862884521
clip,diffusion,glide_100_27,glide_100_10,0.9948389530181885
clip,diffusion,glide_100_27,glide_100_27,1.0
clip,diffusion,glide_100_27,glide_50_27,0.9915856122970581
clip,diffusion,glide_100_27,guided,0.6284499764442444
clip,diffusion,glide_100_27,ldm_100,0.8321102857589722
clip,diffusion,glide_100_27,ldm_200,0.837881863117218
clip,diffusion,glide_100_27,ldm_200_cfg,0.8104965090751648
clip,diffusion,glide_50_27,dalle,0.7096794843673706
clip,diffusion,glide_50_27,glide_100_10,0.9945720434188843
clip,diffusion,glide_50_27,glide_100_27,0.9915856122970581
clip,diffusion,glide_50_27,glide_50_27,1.0
clip,diffusion,glide_50_27,guided,0.632140576839447
clip,diffusion,glide_50_27,ldm_100,0.8188705444335938
clip,diffusion,glide_50_27,ldm_200,0.8245302438735962
clip,diffusion,glide_50_27,ldm_200_cfg,0.8040460348129272
clip,diffusion,guided,dalle,0.5143217444419861
clip,diffusion,guided,glide_100_10,0.6291376948356628
clip,diffusion,guided,glide_100_27,0.6284499764442444
clip,diffusion,guided,glide_50_27,0.632140576839447
clip,diffusion,guided,guided,1.0000001192092896
clip,diffusion,guided,ldm_100,0.7072270512580872
clip,diffusion,guided,ldm_200,0.7001996636390686
clip,diffusion,guided,ldm_200_cfg,0.5594488978385925
clip,diffusion,ldm_100,dalle,0.8480252027511597
clip,diffusion,ldm_100,glide_100_10,0.8248857259750366
clip,diffusion,ldm_100,glide_100_27,0.8321102857589722
clip,diffusion,ldm_100,glide_50_27,0.8188705444335938
clip,diffusion,ldm_100,guided,0.7072270512580872
clip,diffusion,ldm_100,ldm_100,1.0
clip,diffusion,ldm_100,ldm_200,0.9967649579048157
clip,diffusion,ldm_100,ldm_200_cfg,0.9203088283538818
clip,diffusion,ldm_200,dalle,0.8482943177223206
clip,diffusion,ldm_200,glide_100_10,0.8304490447044373
clip,diffusion,ldm_200,glide_100_27,0.837881863117218
clip,diffusion,ldm_200,glide_50_27,0.8245302438735962
clip,diffusion,ldm_200,guided,0.7001996636390686
clip,diffusion,ldm_200,ldm_100,0.9967649579048157
clip,diffusion,ldm_200,ldm_200,1.0000001192092896
clip,diffusion,ldm_200,ldm_200_cfg,0.9246079921722412
clip,diffusion,ldm_200_cfg,dalle,0.8607113361358643
clip,diffusion,ldm_200_cfg,glide_100_10,0.8067904114723206
clip,diffusion,ldm_200_cfg,glide_100_27,0.8104965090751648
clip,diffusion,ldm_200_cfg,glide_50_27,0.8040460348129272
clip,diffusion,ldm_200_cfg,guided,0.5594488978385925
clip,diffusion,ldm_200_cfg,ldm_100,0.9203088283538818
clip,diffusion,ldm_200_cfg,ldm_200,0.9246079921722412
clip,diffusion,ldm_200_cfg,ldm_200_cfg,1.0000001192092896
dinov2,forensynths_test,biggan,biggan,1.0000001192092896
dinov2,forensynths_test,biggan,cyclegan,0.591960608959198
dinov2,forensynths_test,biggan,deepfake,0.2208724021911621
dinov2,forensynths_test,biggan,gaugan,0.7722830772399902
dinov2,forensynths_test,biggan,progan,0.7571731805801392
dinov2,forensynths_test,biggan,stargan,0.5377084612846375
dinov2,forensynths_test,biggan,stylegan,0.5526300668716431
dinov2,forensynths_test,biggan,stylegan2,0.41927391290664673
dinov2,forensynths_test,cyclegan,biggan,0.591960608959198
dinov2,forensynths_test,cyclegan,cyclegan,1.0000001192092896
dinov2,forensynths_test,cyclegan,deepfake,0.2663515508174896
dinov2,forensynths_test,cyclegan,gaugan,0.6314460635185242
dinov2,forensynths_test,cyclegan,progan,0.6750949621200562
dinov2,forensynths_test,cyclegan,stargan,0.360026478767395
dinov2,forensynths_test,cyclegan,stylegan,0.2978143095970154
dinov2,forensynths_test,cyclegan,stylegan2,0.25466516613960266
dinov2,forensynths_test,deepfake,biggan,0.2208724021911621
dinov2,forensynths_test,deepfake,cyclegan,0.2663515508174896
dinov2,forensynths_test,deepfake,deepfake,1.0
dinov2,forensynths_test,deepfake,gaugan,0.33442533016204834
dinov2,forensynths_test,deepfake,progan,0.29824334383010864
dinov2,forensynths_test,deepfake,stargan,0.2585441768169403
dinov2,forensynths_test,deepfake,stylegan,0.11152784526348114
dinov2,forensynths_test,deepfake,stylegan2,0.05550413578748703
dinov2,forensynths_test,gaugan,biggan,0.7722830772399902
dinov2,forensynths_test,gaugan,cyclegan,0.6314460635185242
dinov2,forensynths_test,gaugan,deepfake,0.33442533016204834
dinov2,forensynths_test,gaugan,gaugan,1.0
dinov2,forensynths_test,gaugan,progan,0.888029158115387
dinov2,forensynths_test,gaugan,stargan,0.42183178663253784
dinov2,forensynths_test,gaugan,stylegan,0.36877965927124023
dinov2,forensynths_test,gaugan,stylegan2,0.39197099208831787
dinov2,forensynths_test,progan,biggan,0.7571731805801392
dinov2,forensynths_test,progan,cyclegan,0.6750949621200562
dinov2,forensynths_test,progan,deepfake,0.29824334383010864
dinov2,forensynths_test,progan,gaugan,0.888029158115387
dinov2,forensynths_test,progan,progan,1.0
dinov2,forensynths_test,progan,stargan,0.4144376516342163
dinov2,forensynths_test,progan,stylegan,0.3624061346054077
dinov2,forensynths_test,progan,stylegan2,0.38899844884872437
dinov2,forensynths_test,stargan,biggan,0.5377084612846375
dinov2,forensynths_test,stargan,cyclegan,0.360026478767395
dinov2,forensynths_test,stargan,deepfake,0.2585441768169403
dinov2,forensynths_test,stargan,gaugan,0.42183178663253784
dinov2,forensynths_test,stargan,progan,0.4144376516342163
dinov2,forensynths_test,stargan,stargan,1.0
dinov2,forensynths_test,stargan,stylegan,0.33175498247146606
dinov2,forensynths_test,stargan,stylegan2,0.2169468104839325
dinov2,forensynths_test,stylegan,biggan,0.5526300668716431
dinov2,forensynths_test,stylegan,cyclegan,0.2978143095970154
dinov2,forensynths_test,stylegan,deepfake,0.11152784526348114
dinov2,forensynths_test,stylegan,gaugan,0.36877965927124023
dinov2,forensynths_test,stylegan,progan,0.3624061346054077
dinov2,forensynths_test,stylegan,stargan,0.33175498247146606
dinov2,forensynths_test,stylegan,stylegan,1.0000001192092896
dinov2,forensynths_test,stylegan,stylegan2,0.5955138802528381
dinov2,forensynths_test,stylegan2,biggan,0.41927391290664673
dinov2,forensynths_test,stylegan2,cyclegan,0.25466516613960266
dinov2,forensynths_test,stylegan2,deepfake,0.05550413578748703
dinov2,forensynths_test,stylegan2,gaugan,0.39197099208831787
dinov2,forensynths_test,stylegan2,progan,0.38899844884872437
dinov2,forensynths_test,stylegan2,stargan,0.2169468104839325
dinov2,forensynths_test,stylegan2,stylegan,0.5955138802528381
dinov2,forensynths_test,stylegan2,stylegan2,1.0
dinov2,9gan,attgan,attgan,1.0
dinov2,9gan,attgan,began,0.8192946314811707
dinov2,9gan,attgan,cramergan,0.7893275618553162
dinov2,9gan,attgan,infomaxgan,0.7804716229438782
dinov2,9gan,attgan,mmdgan,0.7877843976020813
dinov2,9gan,attgan,relgan,0.9041421413421631
dinov2,9gan,attgan,s3gan,0.3840295076370239
dinov2,9gan,attgan,sngan,0.7852526903152466
dinov2,9gan,attgan,stgan,0.8042782545089722
dinov2,9gan,began,attgan,0.8192946314811707
dinov2,9gan,began,began,1.0
dinov2,9gan,began,cramergan,0.8208591938018799
dinov2,9gan,began,infomaxgan,0.7514203190803528
dinov2,9gan,began,mmdgan,0.7851822972297668
dinov2,9gan,began,relgan,0.7804843187332153
dinov2,9gan,began,s3gan,0.3192092180252075
dinov2,9gan,began,sngan,0.7557334899902344
dinov2,9gan,began,stgan,0.8342974185943604
dinov2,9gan,cramergan,attgan,0.7893275618553162
dinov2,9gan,cramergan,began,0.8208591938018799
dinov2,9gan,cramergan,cramergan,1.0
dinov2,9gan,cramergan,infomaxgan,0.8985964059829712
dinov2,9gan,cramergan,mmdgan,0.978904128074646
dinov2,9gan,cramergan,relgan,0.80295729637146
dinov2,9gan,cramergan,s3gan,0.4574029743671417
dinov2,9gan,cramergan,sngan,0.9251205921173096
dinov2,9gan,cramergan,stgan,0.8416764140129089
dinov2,9gan,infomaxgan,attgan,0.7804716229438782
dinov2,9gan,infomaxgan,began,0.7514203190803528
dinov2,9gan,infomaxgan,cramergan,0.8985964059829712
dinov2,9gan,infomaxgan,infomaxgan,1.0
dinov2,9gan,infomaxgan,mmdgan,0.8934355974197388
dinov2,9gan,infomaxgan,relgan,0.8051069974899292
dinov2,9gan,infomaxgan,s3gan,0.5175935626029968
dinov2,9gan,infomaxgan,sngan,0.8743454217910767
dinov2,9gan,infomaxgan,stgan,0.7161439657211304
dinov2,9gan,mmdgan,attgan,0.7877843976020813
dinov2,9gan,mmdgan,began,0.7851822972297668
dinov2,9gan,mmdgan,cramergan,0.978904128074646
dinov2,9gan,mmdgan,infomaxgan,0.8934355974197388
dinov2,9gan,mmdgan,mmdgan,1.0
dinov2,9gan,mmdgan,relgan,0.780069887638092
dinov2,9gan,mmdgan,s3gan,0.4742828607559204
dinov2,9gan,mmdgan,sngan,0.9581749439239502
dinov2,9gan,mmdgan,stgan,0.8017922639846802
dinov2,9gan,relgan,attgan,0.9041421413421631
dinov2,9gan,relgan,began,0.7804843187332153
dinov2,9gan,relgan,cramergan,0.80295729637146
dinov2,9gan,relgan,infomaxgan,0.8051069974899292
dinov2,9gan,relgan,mmdgan,0.780069887638092
dinov2,9gan,relgan,relgan,1.0000001192092896
dinov2,9gan,relgan,s3gan,0.4205617308616638
dinov2,9gan,relgan,sngan,0.7858864665031433
dinov2,9gan,relgan,stgan,0.7877362370491028
dinov2,9gan,s3gan,attgan,0.3840295076370239
dinov2,9gan,s3gan,began,0.3192092180252075
dinov2,9gan,s3gan,cramergan,0.4574029743671417
dinov2,9gan,s3gan,infomaxgan,0.5175935626029968
dinov2,9gan,s3gan,mmdgan,0.4742828607559204
dinov2,9gan,s3gan,relgan,0.4205617308616638
dinov2,9gan,s3gan,s3gan,1.0
dinov2,9gan,s3gan,sngan,0.4837106168270111
dinov2,9gan,s3gan,stgan,0.33975517749786377
dinov2,9gan,sngan,attgan,0.7852526903152466
dinov2,9gan,sngan,began,0.7557334899902344
dinov2,9gan,sngan,cramergan,0.9251205921173096
dinov2,9gan,sngan,infomaxgan,0.8743454217910767
dinov2,9gan,sngan,mmdgan,0.9581749439239502
dinov2,9gan,sngan,relgan,0.7858864665031433
dinov2,9gan,sngan,s3gan,0.4837106168270111
dinov2,9gan,sngan,sngan,1.0
dinov2,9gan,sngan,stgan,0.7844662666320801
dinov2,9gan,stgan,attgan,0.8042782545089722
dinov2,9gan,stgan,began,0.8342974185943604
dinov2,9gan,stgan,cramergan,0.8416764140129089
dinov2,9gan,stgan,infomaxgan,0.7161439657211304
dinov2,9gan,stgan,mmdgan,0.8017922639846802
dinov2,9gan,stgan,relgan,0.7877362370491028
dinov2,9gan,stgan,s3gan,0.33975517749786377
dinov2,9gan,stgan,sngan,0.7844662666320801
dinov2,9gan,stgan,stgan,1.0000001192092896
dinov2,diffusion,dalle,dalle,1.0
dinov2,diffusion,dalle,glide_100_10,0.5000049471855164
dinov2,diffusion,dalle,glide_100_27,0.5137255787849426
dinov2,diffusion,dalle,glide_50_27,0.5071279406547546
dinov2,diffusion,dalle,guided,0.36699309945106506
dinov2,diffusion,dalle,ldm_100,0.596264123916626
dinov2,diffusion,dalle,ldm_200,0.5864734649658203
dinov2,diffusion,dalle,ldm_200_cfg,0.7776312828063965
dinov2,diffusion,glide_100_10,dalle,0.5000049471855164
dinov2,diffusion,glide_100_10,glide_100_10,1.0000001192092896
dinov2,diffusion,glide_100_10,glide_100_27,0.9826439023017883
dinov2,diffusion,glide_100_10,glide_50_27,0.9804931879043579
dinov2,diffusion,glide_100_10,guided,0.6007475852966309
dinov2,diffusion,glide_100_10,ldm_100,0.6929285526275635
dinov2,diffusion,glide_100_10,ldm_200,0.6874528527259827
dinov2,diffusion,glide_100_10,ldm_200_cfg,0.5989559292793274
dinov2,diffusion,glide_100_27,dalle,0.5137255787849426
dinov2,diffusion,glide_100_27,glide_100_10,0.9826439023017883
dinov2,diffusion,glide_100_27,glide_100_27,1.0000001192092896
dinov2,diffusion,glide_100_27,glide_50_27,0.9815954566001892
dinov2,diffusion,glide_100_27,guided,0.620823085308075
dinov2,diffusion,glide_100_27,ldm_100,0.7426955103874207
dinov2,diffusion,glide_100_27,ldm_200,0.7362734079360962
dinov2,diffusion,glide_100_27,ldm_200_cfg,0.6324799060821533
dinov2,diffusion,glide_50_27,dalle,0.5071279406547546
dinov2,diffusion,glide_50_27,glide_100_10,0.9804931879043579
dinov2,diffusion,glide_50_27,glide_100_27,0.9815954566001892
dinov2,diffusion,glide_50_27,glide_50_27,1.0
dinov2,diffusion,glide_50_27,guided,0.6173756718635559
dinov2,diffusion,glide_50_27,ldm_100,0.7021037936210632
dinov2,diffusion,glide_50_27,ldm_200,0.694749116897583
dinov2,diffusion,glide_50_27,ldm_200_cfg,0.6050922870635986
dinov2,diffusion,guided,dalle,0.36699309945106506
dinov2,diffusion,guided,glide_100_10,0.6007475852966309
dinov2,diffusion,guided,glide_100_27,0.620823085308075
dinov2,diffusion,guided,glide_50_27,0.6173756718635559
dinov2,diffusion,guided,guided,1.0000001192092896
dinov2,diffusion,guided,ldm_100,0.6552556157112122
dinov2,diffusion,guided,ldm_200,0.6511438488960266
dinov2,diffusion,guided,ldm_200_cfg,0.4867679178714752
dinov2,diffusion,ldm_100,dalle,0.596264123916626
dinov2,diffusion,ldm_100,glide_100_10,0.6929285526275635
dinov2,diffusion,ldm_100,glide_100_27,0.7426955103874207
dinov2,diffusion,ldm_100,glide_50_27,0.7021037936210632
dinov2,diffusion,ldm_100,guided,0.6552556157112122
dinov2,diffusion,ldm_100,ldm_100,1.0
dinov2,diffusion,ldm_100,ldm_200,0.9910447001457214
dinov2,diffusion,ldm_100,ldm_200_cfg,0.8458749055862427
dinov2,diffusion,ldm_200,dalle,0.5864734649658203
dinov2,diffusion,ldm_200,glide_100_10,0.6874528527259827
dinov2,diffusion,ldm_200,glide_100_27,0.7362734079360962
dinov2,diffusion,ldm_200,glide_50_27,0.694749116897583
dinov2,diffusion,ldm_200,guided,0.6511438488960266
dinov2,diffusion,ldm_200,ldm_100,0.9910447001457214
dinov2,diffusion,ldm_200,ldm_200,1.0
dinov2,diffusion,ldm_200,ldm_200_cfg,0.8464394807815552
dinov2,diffusion,ldm_200_cfg,dalle,0.7776312828063965
dinov2,diffusion,ldm_200_cfg,glide_100_10,0.5989559292793274
dinov2,diffusion,ldm_200_cfg,glide_100_27,0.6324799060821533
dinov2,diffusion,ldm_200_cfg,glide_50_27,0.6050922870635986
dinov2,diffusion,ldm_200_cfg,guided,0.4867679178714752
dinov2,diffusion,ldm_200_cfg,ldm_100,0.8458749055862427
dinov2,diffusion,ldm_200_cfg,ldm_200,0.8464394807815552
dinov2,diffusion,ldm_200_cfg,ldm_200_cfg,1.0
mae,forensynths_test,biggan,biggan,1.0
mae,forensynths_test,biggan,cyclegan,0.21514545381069183
mae,forensynths_test,biggan,deepfake,0.11558261513710022
mae,forensynths_test,biggan,gaugan,0.4838283956050873
mae,forensynths_test,biggan,progan,0.4614102840423584
mae,forensynths_test,biggan,stargan,0.46671053767204285
mae,forensynths_test,biggan,stylegan,0.2691340744495392
mae,forensynths_test,biggan,stylegan2,0.35759127140045166
mae,forensynths_test,cyclegan,biggan,0.21514545381069183
mae,forensynths_test,cyclegan,cyclegan,1.0
mae,forensynths_test,cyclegan,deepfake,0.15530961751937866
mae,forensynths_test,cyclegan,gaugan,0.5231141448020935
mae,forensynths_test,cyclegan,progan,0.659056544303894
mae,forensynths_test,cyclegan,stargan,0.538963258266449
mae,forensynths_test,cyclegan,stylegan,-0.19690576195716858
mae,forensynths_test,cyclegan,stylegan2,-0.09475108981132507
mae,forensynths_test,deepfake,biggan,0.11558261513710022
mae,forensynths_test,deepfake,cyclegan,0.15530961751937866
mae,forensynths_test,deepfake,deepfake,1.0
mae,forensynths_test,deepfake,gaugan,0.4392334222793579
mae,forensynths_test,deepfake,progan,0.30590003728866577
mae,forensynths_test,deepfake,stargan,0.2623778283596039
mae,forensynths_test,deepfake,stylegan,0.05355055630207062
mae,forensynths_test,deepfake,stylegan2,0.19210566580295563
mae,forensynths_test,gaugan,biggan,0.4838283956050873
mae,forensynths_test,gaugan,cyclegan,0.5231141448020935
mae,forensynths_test,gaugan,deepfake,0.4392334222793579
mae,forensynths_test,gaugan,gaugan,1.0000001192092896
mae,forensynths_test,gaugan,progan,0.7242881655693054
mae,forensynths_test,gaugan,stargan,0.42869269847869873
mae,forensynths_test,gaugan,stylegan,0.12339242547750473
mae,forensynths_test,gaugan,stylegan2,0.44902947545051575
mae,forensynths_test,progan,biggan,0.4614102840423584
mae,forensynths_test,progan,cyclegan,0.659056544303894
mae,forensynths_test,progan,deepfake,0.30590003728866577
mae,forensynths_test,progan,gaugan,0.7242881655693054
mae,forensynths_test,progan,progan,1.0000001192092896
mae,forensynths_test,progan,stargan,0.5759297013282776
mae,forensynths_test,progan,stylegan,-0.06584520637989044
mae,forensynths_test,progan,stylegan2,0.07853158563375473
mae,forensynths_test,stargan,biggan,0.46671053767204285
mae,forensynths_test,stargan,cyclegan,0.538963258266449
mae,forensynths_test,stargan,deepfake,0.2623778283596039
mae,forensynths_test,stargan,gaugan,0.42869269847869873
mae,forensynths_test,stargan,progan,0.5759297013282776
mae,forensynths_test,stargan,stargan,1.0000001192092896
mae,forensynths_test,stargan,stylegan,0.17532096803188324
mae,forensynths_test,stargan,stylegan2,0.15251503884792328
mae,forensynths_test,stylegan,biggan,0.2691340744495392
mae,forensynths_test,stylegan,cyclegan,-0.19690576195716858
mae,forensynths_test,stylegan,deepfake,0.05355055630207062
mae,forensynths_test,stylegan,gaugan,0.12339242547750473
mae,forensynths_test,stylegan,progan,-0.06584520637989044
mae,forensynths_test,stylegan,stargan,0.17532096803188324
mae,forensynths_test,stylegan,stylegan,1.0
mae,forensynths_test,stylegan,stylegan2,0.6481104493141174
mae,forensynths_test,stylegan2,biggan,0.35759127140045166
mae,forensynths_test,stylegan2,cyclegan,-0.09475108981132507
mae,forensynths_test,stylegan2,deepfake,0.19210566580295563
mae,forensynths_test,stylegan2,gaugan,0.44902947545051575
mae,forensynths_test,stylegan2,progan,0.07853158563375473
mae,forensynths_test,stylegan2,stargan,0.15251503884792328
mae,forensynths_test,stylegan2,stylegan,0.6481104493141174
mae,forensynths_test,stylegan2,stylegan2,1.0
mae,9gan,attgan,attgan,1.0
mae,9gan,attgan,began,-0.35136014223098755
mae,9gan,attgan,cramergan,-0.2055697739124298
mae,9gan,attgan,infomaxgan,0.20400114357471466
mae,9gan,attgan,mmdgan,0.07123410701751709
mae,9gan,attgan,relgan,0.6133600473403931
mae,9gan,attgan,s3gan,0.16382238268852234
mae,9gan,attgan,sngan,0.20984509587287903
mae,9gan,attgan,stgan,0.2169349491596222
mae,9gan,began,attgan,-0.35136014223098755
mae,9gan,began,began,1.0
mae,9gan,began,cramergan,0.446495920419693
mae,9gan,began,infomaxgan,0.20070913434028625
mae,9gan,began,mmdgan,0.26586440205574036
mae,9gan,began,relgan,-0.5097710490226746
mae,9gan,began,s3gan,-0.031313858926296234
mae,9gan,began,sngan,0.2091144472360611
mae,9gan,began,stgan,-0.1540503054857254
mae,9gan,cramergan,attgan,-0.2055697739124298
mae,9gan,cramergan,began,0.446495920419693
mae,9gan,cramergan,cramergan,1.0
mae,9gan,cramergan,infomaxgan,0.22885067760944366
mae,9gan,cramergan,mmdgan,0.9067704677581787
mae,9gan,cramergan,relgan,-0.5758914351463318
mae,9gan,cramergan,s3gan,0.2510829567909241
mae,9gan,cramergan,sngan,0.5707086324691772
mae,9gan,cramergan,stgan,0.028674528002738953
mae,9gan,infomaxgan,attgan,0.20400114357471466
mae,9gan,infomaxgan,began,0.20070913434028625
mae,9gan,infomaxgan,cramergan,0.22885067760944366
mae,9gan,infomaxgan,infomaxgan,1.0000001192092896
mae,9gan,infomaxgan,mmdgan,0.26887276768684387
mae,9gan,infomaxgan,relgan,-0.08272060751914978
mae,9gan,infomaxgan,s3gan,0.07369709759950638
mae,9gan,infomaxgan,sngan,0.26663655042648315
mae,9gan,infomaxgan,stgan,-0.07414086908102036
mae,9gan,mmdgan,attgan,0.07123410701751709
mae,9gan,mmdgan,began,0.26586440205574036
mae,9gan,mmdgan,cramergan,0.9067704677581787
mae,9gan,mmdgan,infomaxgan,0.26887276768684387
mae,9gan,mmdgan,mmdgan,1.0
mae,9gan,mmdgan,relgan,-0.30510851740837097
mae,9gan,mmdgan,s3gan,0.3212665319442749
mae,9gan,mmdgan,sngan,0.7423685193061829
mae,9gan,mmdgan,stgan,0.16510039567947388
mae,9gan,relgan,attgan,0.6133600473403931
mae,9gan,relgan,began,-0.5097710490226746
mae,9gan,relgan,cramergan,-0.5758914351463318
mae,9gan,relgan,infomaxgan,-0.08272060751914978
mae,9gan,relgan,mmdgan,-0.30510851740837097
mae,9gan,relgan,relgan,1.0000001192092896
mae,9gan,relgan,s3gan,0.0719509944319725
mae,9gan,relgan,sngan,0.005293719004839659
mae,9gan,relgan,stgan,0.05455538257956505
mae,9gan,s3gan,attgan,0.16382238268852234
mae,9gan,s3gan,began,-0.031313858926296234
mae,9gan,s3gan,cramergan,0.2510829567909241
mae,9gan,s3gan,infomaxgan,0.07369709759950638
mae,9gan,s3gan,mmdgan,0.3212665319442749
mae,9gan,s3gan,relgan,0.0719509944319725
mae,9gan,s3gan,s3gan,1.0000001192092896
mae,9gan,s3gan,sngan,0.32943958044052124
mae,9gan,s3gan,stgan,0.291594922542572
mae,9gan,sngan,attgan,0.20984509587287903
mae,9gan,sngan,began,0.2091144472360611
mae,9gan,sngan,cramergan,0.5707086324691772
mae,9gan,sngan,infomaxgan,0.26663655042648315
mae,9gan,sngan,mmdgan,0.7423685193061829
mae,9gan,sngan,relgan,0.005293719004839659
mae,9gan,sngan,s3gan,0.32943958044052124
mae,9gan,sngan,sngan,1.0
mae,9gan,sngan,stgan,0.18231943249702454
mae,9gan,stgan,attgan,0.2169349491596222
mae,9gan,stgan,began,-0.1540503054857254
mae,9gan,stgan,cramergan,0.028674528002738953
mae,9gan,stgan,infomaxgan,-0.07414086908102036
mae,9gan,stgan,mmdgan,0.16510039567947388
mae,9gan,stgan,relgan,0.05455538257956505
mae,9gan,stgan,s3gan,0.291594922542572
mae,9gan,stgan,sngan,0.18231943249702454
mae,9gan,stgan,stgan,1.0
mae,diffusion,dalle,dalle,1.0
mae,diffusion,dalle,glide_100_10,0.4963814318180084
mae,diffusion,dalle,glide_100_27,0.5264835953712463
mae,diffusion,dalle,glide_50_27,0.4303347170352936
mae,diffusion,dalle,guided,-0.32039326429367065
mae,diffusion,dalle,ldm_100,0.7174235582351685
mae,diffusion,dalle,ldm_200,0.7227346897125244
mae,diffusion,dalle,ldm_200_cfg,0.8232100009918213
mae,diffusion,glide_100_10,dalle,0.4963814318180084
mae,diffusion,glide_100_10,glide_100_10,1.0000001192092896
mae,diffusion,glide_100_10,glide_100_27,0.9955278635025024
mae,diffusion,glide_100_10,glide_50_27,0.9831188917160034
mae,diffusion,glide_100_10,guided,0.3441961705684662
mae,diffusion,glide_100_10,ldm_100,0.55848628282547
mae,diffusion,glide_100_10,ldm_200,0.5772200226783752
mae,diffusion,glide_100_10,ldm_200_cfg,0.48359042406082153
mae,diffusion,glide_100_27,dalle,0.5264835953712463
mae,diffusion,glide_100_27,glide_100_10,0.9955278635025024
mae,diffusion,glide_100_27,glide_100_27,1.0000001192092896
mae,diffusion,glide_100_27,glide_50_27,0.982603132724762
mae,diffusion,glide_100_27,guided,0.3312997817993164
mae,diffusion,glide_100_27,ldm_100,0.595420241355896
mae,diffusion,glide_100_27,ldm_200,0.6127713918685913
mae,diffusion,glide_100_27,ldm_200_cfg,0.5123977661132812
mae,diffusion,glide_50_27,dalle,0.4303347170352936
mae,diffusion,glide_50_27,glide_100_10,0.9831188917160034
mae,diffusion,glide_50_27,glide_100_27,0.982603132724762
mae,diffusion,glide_50_27,glide_50_27,1.0
mae,diffusion,glide_50_27,guided,0.3820763826370239
mae,diffusion,glide_50_27,ldm_100,0.4867633879184723
mae,diffusion,glide_50_27,ldm_200,0.5024121403694153
mae,diffusion,glide_50_27,ldm_200_cfg,0.38346928358078003
mae,diffusion,guided,dalle,-0.32039326429367065
mae,diffusion,guided,glide_100_10,0.3441961705684662
mae,diffusion,guided,glide_100_27,0.3312997817993164
mae,diffusion,guided,glide_50_27,0.3820763826370239
mae,diffusion,guided,guided,1.0
mae,diffusion,guided,ldm_100,-0.01572512276470661
mae,diffusion,guided,ldm_200,0.0041841790080070496
mae,diffusion,guided,ldm_200_cfg,-0.25021758675575256
mae,diffusion,ldm_100,dalle,0.7174235582351685
mae,diffusion,ldm_100,glide_100_10,0.55848628282547
mae,diffusion,ldm_100,glide_100_27,0.595420241355896
mae,diffusion,ldm_100,glide_50_27,0.4867633879184723
mae,diffusion,ldm_100,guided,-0.01572512276470661
mae,diffusion,ldm_100,ldm_100,1.0
mae,diffusion,ldm_100,ldm_200,0.994391918182373
mae,diffusion,ldm_100,ldm_200_cfg,0.8707940578460693
mae,diffusion,ldm_200,dalle,0.7227346897125244
mae,diffusion,ldm_200,glide_100_10,0.5772200226783752
mae,diffusion,ldm_200,glide_100_27,0.6127713918685913
mae,diffusion,ldm_200,glide_50_27,0.5024121403694153
mae,diffusion,ldm_200,guided,0.0041841790080070496
mae,diffusion,ldm_200,ldm_100,0.994391918182373
mae,diffusion,ldm_200,ldm_200,1.0
mae,diffusion,ldm_200,ldm_200_cfg,0.879750669002533
mae,diffusion,ldm_200_cfg,dalle,0.8232100009918213
mae,diffusion,ldm_200_cfg,glide_100_10,0.48359042406082153
mae,diffusion,ldm_200_cfg,glide_100_27,0.5123977661132812
mae,diffusion,ldm_200_cfg,glide_50_27,0.38346928358078003
mae,diffusion,ldm_200_cfg,guided,-0.25021758675575256
mae,diffusion,ldm_200_cfg,ldm_100,0.8707940578460693
mae,diffusion,ldm_200_cfg,ldm_200,0.879750669002533
mae,diffusion,ldm_200_cfg,ldm_200_cfg,1.0000001192092896
vit,forensynths_test,biggan,biggan,1.0000001192092896
vit,forensynths_test,biggan,cyclegan,0.15968769788742065
vit,forensynths_test,biggan,deepfake,0.021036159247159958
vit,forensynths_test,biggan,gaugan,0.28930094838142395
vit,forensynths_test,biggan,progan,0.2284691035747528
vit,forensynths_test,biggan,stargan,0.1308448761701584
vit,forensynths_test,biggan,stylegan,0.08779105544090271
vit,forensynths_test,biggan,stylegan2,0.1612478792667389
vit,forensynths_test,cyclegan,biggan,0.15968769788742065
vit,forensynths_test,cyclegan,cyclegan,1.0000001192092896
vit,forensynths_test,cyclegan,deepfake,0.0465511791408062
vit,forensynths_test,cyclegan,gaugan,0.27099063992500305
vit,forensynths_test,cyclegan,progan,0.441529780626297
vit,forensynths_test,cyclegan,stargan,0.2458866387605667
vit,forensynths_test,cyclegan,stylegan,-0.028531519696116447
vit,forensynths_test,cyclegan,stylegan2,-0.07431507855653763
vit,forensynths_test,deepfake,biggan,0.021036159247159958
vit,forensynths_test,deepfake,cyclegan,0.0465511791408062
vit,forensynths_test,deepfake,deepfake,1.0000001192092896
vit,forensynths_test,deepfake,gaugan,0.06869276612997055
vit,forensynths_test,deepfake,progan,0.13726328313350677
vit,forensynths_test,deepfake,stargan,0.09350650012493134
vit,forensynths_test,deepfake,stylegan,0.009290755726397038
vit,forensynths_test,deepfake,stylegan2,0.0034008475486189127
vit,forensynths_test,gaugan,biggan,0.28930094838142395
vit,forensynths_test,gaugan,cyclegan,0.27099063992500305
vit,forensynths_test,gaugan,deepfake,0.06869276612997055
vit,forensynths_test,gaugan,gaugan,1.0
vit,forensynths_test,gaugan,progan,0.47068551182746887
vit,forensynths_test,gaugan,stargan,0.16775943338871002
vit,forensynths_test,gaugan,stylegan,-0.02299942634999752
vit,forensynths_test,gaugan,stylegan2,0.050123050808906555
vit,forensynths_test,progan,biggan,0.2284691035747528
vit,forensynths_test,progan,cyclegan,0.441529780626297
vit,forensynths_test,progan,deepfake,0.13726328313350677
vit,forensynths_test,progan,gaugan,0.47068551182746887
vit,forensynths_test,progan,progan,1.0
vit,forensynths_test,progan,stargan,0.29684656858444214
vit,forensynths_test,progan,stylegan,-0.04103650152683258
vit,forensynths_test,progan,stylegan2,-0.0703638568520546
vit,forensynths_test,stargan,biggan,0.1308448761701584
vit,forensynths_test,stargan,cyclegan,0.2458866387605667
vit,forensynths_test,stargan,deepfake,0.09350650012493134
vit,forensynths_test,stargan,gaugan,0.16775943338871002
vit,forensynths_test,stargan,progan,0.29684656858444214
vit,forensynths_test,stargan,stargan,1.0
vit,forensynths_test,stargan,stylegan,0.005917325150221586
vit,forensynths_test,stargan,stylegan2,-0.02488897182047367
vit,forensynths_test,stylegan,biggan,0.08779105544090271
vit,forensynths_test,stylegan,cyclegan,-0.028531519696116447
vit,forensynths_test,stylegan,deepfake,0.009290755726397038
vit,forensynths_test,stylegan,gaugan,-0.02299942634999752
vit,forensynths_test,stylegan,progan,-0.04103650152683258
vit,forensynths_test,stylegan,stargan,0.005917325150221586
vit,forensynths_test,stylegan,stylegan,1.0
vit,forensynths_test,stylegan,stylegan2,0.6253567934036255
vit,forensynths_test,stylegan2,biggan,0.1612478792667389
vit,forensynths_test,stylegan2,cyclegan,-0.07431507855653763
vit,forensynths_test,stylegan2,deepfake,0.0034008475486189127
vit,forensynths_test,stylegan2,gaugan,0.050123050808906555
vit,forensynths_test,stylegan2,progan,-0.0703638568520546
vit,forensynths_test,stylegan2,stargan,-0.02488897182047367
vit,forensynths_test,stylegan2,stylegan,0.6253567934036255
vit,forensynths_test,stylegan2,stylegan2,1.0
vit,9gan,attgan,attgan,1.0
vit,9gan,attgan,began,-0.016265731304883957
vit,9gan,attgan,cramergan,0.2890530526638031
vit,9gan,attgan,infomaxgan,0.37844592332839966
vit,9gan,attgan,mmdgan,0.45250076055526733
vit,9gan,attgan,relgan,0.5969496965408325
vit,9gan,attgan,s3gan,-0.004144980572164059
vit,9gan,attgan,sngan,0.265491783618927
vit,9gan,attgan,stgan,0.11203579604625702
vit,9gan,began,attgan,-0.016265731304883957
vit,9gan,began,began,1.0000001192092896
vit,9gan,began,cramergan,0.29766443371772766
vit,9gan,began,infomaxgan,0.23623238503932953
vit,9gan,began,mmdgan,0.2145327925682068
vit,9gan,began,relgan,-0.16135171055793762
vit,9gan,began,s3gan,0.03639737144112587
vit,9gan,began,sngan,0.18356943130493164
vit,9gan,began,stgan,-0.05069237947463989
vit,9gan,cramergan,attgan,0.2890530526638031
vit,9gan,cramergan,began,0.29766443371772766
vit,9gan,cramergan,cramergan,1.0
vit,9gan,cramergan,infomaxgan,0.33684611320495605
vit,9gan,cramergan,mmdgan,0.8593143820762634
vit,9gan,cramergan,relgan,0.37990602850914
vit,9gan,cramergan,s3gan,0.14951108396053314
vit,9gan,cramergan,sngan,0.7108304500579834
vit,9gan,cramergan,stgan,0.35999032855033875
vit,9gan,infomaxgan,attgan,0.37844592332839966
vit,9gan,infomaxgan,began,0.23623238503932953
vit,9gan,infomaxgan,cramergan,0.33684611320495605
vit,9gan,infomaxgan,infomaxgan,1.0
vit,9gan,infomaxgan,mmdgan,0.3625546991825104
vit,9gan,infomaxgan,relgan,0.11346440762281418
vit,9gan,infomaxgan,s3gan,0.058325089514255524
vit,9gan,infomaxgan,sngan,0.2716134786605835
vit,9gan,infomaxgan,stgan,-0.1393863558769226
vit,9gan,mmdgan,attgan,0.45250076055526733
vit,9gan,mmdgan,began,0.2145327925682068
vit,9gan,mmdgan,cramergan,0.8593143820762634
vit,9gan,mmdgan,infomaxgan,0.3625546991825104
vit,9gan,mmdgan,mmdgan,1.0000001192092896
vit,9gan,mmdgan,relgan,0.4843873083591461
vit,9gan,mmdgan,s3gan,0.11514752358198166
vit,9gan,mmdgan,sngan,0.7610406279563904
vit,9gan,mmdgan,stgan,0.3753581941127777
vit,9gan,relgan,attgan,0.5969496965408325
vit,9gan,relgan,began,-0.16135171055793762
vit,9gan,relgan,cramergan,0.37990602850914
vit,9gan,relgan,infomaxgan,0.11346440762281418
vit,9gan,relgan,mmdgan,0.4843873083591461
vit,9gan,relgan,relgan,1.0000001192092896
vit,9gan,relgan,s3gan,0.05864310264587402
vit,9gan,relgan,sngan,0.4082261323928833
vit,9gan,relgan,stgan,0.39066484570503235
vit,9gan,s3gan,attgan,-0.004144980572164059
vit,9gan,s3gan,began,0.03639737144112587
vit,9gan,s3gan,cramergan,0.14951108396053314
vit,9gan,s3gan,infomaxgan,0.058325089514255524
vit,9gan,s3gan,mmdgan,0.11514752358198166
vit,9gan,s3gan,relgan,0.05864310264587402
vit,9gan,s3gan,s3gan,1.0000001192092896
vit,9gan,s3gan,sngan,0.11763229221105576
vit,9gan,s3gan,stgan,0.04029982164502144
vit,9gan,sngan,attgan,0.265491783618927
vit,9gan,sngan,began,0.18356943130493164
vit,9gan,sngan,cramergan,0.7108304500579834
vit,9gan,sngan,infomaxgan,0.2716134786605835
vit,9gan,sngan,mmdgan,0.7610406279563904
vit,9gan,sngan,relgan,0.4082261323928833
vit,9gan,sngan,s3gan,0.11763229221105576
vit,9gan,sngan,sngan,1.0000001192092896
vit,9gan,sngan,stgan,0.4298163652420044
vit,9gan,stgan,attgan,0.11203579604625702
vit,9gan,stgan,began,-0.05069237947463989
vit,9gan,stgan,cramergan,0.35999032855033875
vit,9gan,stgan,infomaxgan,-0.1393863558769226
vit,9gan,stgan,mmdgan,0.3753581941127777
vit,9gan,stgan,relgan,0.39066484570503235
vit,9gan,stgan,s3gan,0.04029982164502144
vit,9gan,stgan,sngan,0.4298163652420044
vit,9gan,stgan,stgan,1.0
vit,diffusion,dalle,dalle,1.0000001192092896
vit,diffusion,dalle,glide_100_10,0.5960793495178223
vit,diffusion,dalle,glide_100_27,0.6380760073661804
vit,diffusion,dalle,glide_50_27,0.588013768196106
vit,diffusion,dalle,guided,0.004493648651987314
vit,diffusion,dalle,ldm_100,0.613358199596405
vit,diffusion,dalle,ldm_200,0.614281952381134
vit,diffusion,dalle,ldm_200_cfg,0.6776444315910339
vit,diffusion,glide_100_10,dalle,0.5960793495178223
vit,diffusion,glide_100_10,glide_100_10,1.0000001192092896
vit,diffusion,glide_100_10,glide_100_27,0.9676604270935059
vit,diffusion,glide_100_10,glide_50_27,0.9616469740867615
vit,diffusion,glide_100_10,guided,0.2601082921028137
vit,diffusion,glide_100_10,ldm_100,0.4942643940448761
vit,diffusion,glide_100_10,ldm_200,0.4915599226951599
vit,diffusion,glide_100_10,ldm_200_cfg,0.49127301573753357
vit,diffusion,glide_100_27,dalle,0.6380760073661804
vit,diffusion,glide_100_27,glide_100_10,0.9676604270935059
vit,diffusion,glide_100_27,glide_100_27,1.0
vit,diffusion,glide_100_27,glide_50_27,0.9610434770584106
vit,diffusion,glide_100_27,guided,0.25347641110420227
vit,diffusion,glide_100_27,ldm_100,0.5478289723396301
vit,diffusion,glide_100_27,ldm_200,0.547193706035614
vit,diffusion,glide_100_27,ldm_200_cfg,0.5377157330513
vit,diffusion,glide_50_27,dalle,0.588013768196106
vit,diffusion,glide_50_27,glide_100_10,0.9616469740867615
vit,diffusion,glide_50_27,glide_100_27,0.9610434770584106
vit,diffusion,glide_50_27,glide_50_27,1.0
vit,diffusion,glide_50_27,guided,0.271406888961792
vit,diffusion,glide_50_27,ldm_100,0.47241973876953125
vit,diffusion,glide_50_27,ldm_200,0.46842196583747864
vit,diffusion,glide_50_27,ldm_200_cfg,0.4669949412345886
vit,diffusion,guided,dalle,0.004493648651987314
vit,diffusion,guided,glide_100_10,0.2601082921028137
vit,diffusion,guided,glide_100_27,0.25347641110420227
vit,diffusion,guided,glide_50_27,0.271406888961792
vit,diffusion,guided,guided,1.0
vit,diffusion,guided,ldm_100,0.21848732233047485
vit,diffusion,guided,ldm_200,0.2100079506635666
vit,diffusion,guided,ldm_200_cfg,0.05260861665010452
vit,diffusion,ldm_100,dalle,0.613358199596405
vit,diffusion,ldm_100,glide_100_10,0.4942643940448761
vit,diffusion,ldm_100,glide_100_27,0.5478289723396301
vit,diffusion,ldm_100,glide_50_27,0.47241973876953125
vit,diffusion,ldm_100,guided,0.21848732233047485
vit,diffusion,ldm_100,ldm_100,1.0000001192092896
vit,diffusion,ldm_100,ldm_200,0.9698121547698975
vit,diffusion,ldm_100,ldm_200_cfg,0.8457971811294556
vit,diffusion,ldm_200,dalle,0.614281952381134
vit,diffusion,ldm_200,glide_100_10,0.4915599226951599
vit,diffusion,ldm_200,glide_100_27,0.547193706035614
vit,diffusion,ldm_200,glide_50_27,0.46842196583747864
vit,diffusion,ldm_200,guided,0.2100079506635666
vit,diffusion,ldm_200,ldm_100,0.9698121547698975
vit,diffusion,ldm_200,ldm_200,1.0
vit,diffusion,ldm_200,ldm_200_cfg,0.8498594164848328
vit,diffusion,ldm_200_cfg,dalle,0.6776444315910339
vit,diffusion,ldm_200_cfg,glide_100_10,0.49127301573753357
vit,diffusion,ldm_200_cfg,glide_100_27,0.5377157330513
vit,diffusion,ldm_200_cfg,glide_50_27,0.4669949412345886
vit,diffusion,ldm_200_cfg,guided,0.05260861665010452
vit,diffusion,ldm_200_cfg,ldm_100,0.8457971811294556
vit,diffusion,ldm_200_cfg,ldm_200,0.8498594164848328
vit,diffusion,ldm_200_cfg,ldm_200_cfg,1.0
